run,pass,cooldown_ms,mode,variant,batch_idx,e2e_ns,algo_ns,bridge_ns,batch_count,score,input_tag
1,1,0,warm,sat_checked,0,4672.5,2584.6,0.8,100,,
1,1,0,warm,sat_checked,1,4759.2,2640.0,2.9,100,,
1,1,0,warm,sat_checked,2,4650.0,2573.3,1.7,100,,
1,1,0,warm,sat_checked,3,4679.2,2588.8,0.8,100,,
1,1,0,warm,sat_checked,4,4648.3,2561.7,0.8,100,,
1,1,0,warm,sat_checked,5,4647.5,2567.1,2.1,100,,
1,1,0,warm,sat_checked,6,4647.5,2576.2,2.1,100,,
1,1,0,warm,sat_checked,7,4644.2,2568.8,2.5,100,,
1,1,0,warm,sat_checked,8,4650.4,2573.3,2.1,100,,
1,1,0,warm,sat_checked,9,4647.5,2573.3,2.1,100,,
1,1,0,warm,sat_checked,10,4644.2,2572.9,2.5,100,,
1,1,0,warm,sat_checked,11,4667.5,2581.7,1.7,100,,
1,1,0,warm,sat_checked,12,4676.7,2580.0,0.4,100,,
1,1,0,warm,sat_checked,13,4676.2,2591.7,2.1,100,,
1,1,0,warm,sat_checked,14,4658.8,2570.8,2.1,100,,
1,1,0,warm,sat_checked,15,4656.2,2575.4,0.8,100,,
1,1,0,warm,sat_checked,16,4652.5,2569.6,3.3,100,,
1,1,0,warm,sat_checked,17,4652.5,2571.2,1.7,100,,
1,1,0,warm,sat_checked,18,4648.7,2572.5,1.7,100,,
1,1,0,warm,sat_checked,19,4663.3,2573.3,2.1,100,,
1,1,0,warm,sat_wrap,0,3420.0,1311.7,2.5,100,,
1,1,0,warm,sat_wrap,1,3420.4,1324.6,1.2,100,,
1,1,0,warm,sat_wrap,2,3485.4,1345.4,1.2,100,,
1,1,0,warm,sat_wrap,3,3433.7,1327.9,2.9,100,,
1,1,0,warm,sat_wrap,4,3500.4,1346.7,0.4,100,,
1,1,0,warm,sat_wrap,5,3397.5,1310.0,1.7,100,,
1,1,0,warm,sat_wrap,6,3389.6,1309.2,2.1,100,,
1,1,0,warm,sat_wrap,7,3380.0,1302.5,2.5,100,,
1,1,0,warm,sat_wrap,8,3388.7,1313.3,0.8,100,,
1,1,0,warm,sat_wrap,9,3450.8,1335.0,1.2,100,,
1,1,0,warm,sat_wrap,10,3636.2,1404.2,1.2,100,,
1,1,0,warm,sat_wrap,11,3623.7,1405.0,2.9,100,,
1,1,0,warm,sat_wrap,12,3629.6,1395.4,0.4,100,,
1,1,0,warm,sat_wrap,13,3630.4,1398.3,1.2,100,,
1,1,0,warm,sat_wrap,14,3625.0,1395.8,3.7,100,,
1,1,0,warm,sat_wrap,15,3772.5,1391.7,3.3,100,,
1,1,0,warm,sat_wrap,16,3495.0,1347.1,2.5,100,,
1,1,0,warm,sat_wrap,17,3501.2,1357.1,1.2,100,,
1,1,0,warm,sat_wrap,18,3500.8,1352.9,0.4,100,,
1,1,0,warm,sat_wrap,19,3527.5,1369.2,0.0,100,,
1,1,0,warm,sat_saturate,0,4875.0,2690.4,1.7,100,,
1,1,0,warm,sat_saturate,1,4844.6,2687.5,3.3,100,,
1,1,0,warm,sat_saturate,2,4840.8,2677.5,0.8,100,,
1,1,0,warm,sat_saturate,3,4893.8,2707.1,1.7,100,,
1,1,0,warm,sat_saturate,4,4663.8,2569.2,2.1,100,,
1,1,0,warm,sat_saturate,5,4650.8,2564.2,0.8,100,,
1,1,0,warm,sat_saturate,6,4653.8,2574.2,2.5,100,,
1,1,0,warm,sat_saturate,7,4650.4,2572.9,1.2,100,,
1,1,0,warm,sat_saturate,8,4720.4,2609.2,2.5,100,,
1,1,0,warm,sat_saturate,9,4763.8,2638.3,1.2,100,,
1,1,0,warm,sat_saturate,10,4804.6,2659.6,2.1,100,,
1,1,0,warm,sat_saturate,11,4850.0,2681.2,0.8,100,,
1,1,0,warm,sat_saturate,12,4874.6,2682.9,2.1,100,,
1,1,0,warm,sat_saturate,13,4829.6,2667.5,1.2,100,,
1,1,0,warm,sat_saturate,14,4807.1,2653.7,2.5,100,,
1,1,0,warm,sat_saturate,15,4740.0,2621.2,0.8,100,,
1,1,0,warm,sat_saturate,16,4656.2,2571.2,0.8,100,,
1,1,0,warm,sat_saturate,17,4701.2,2606.2,0.8,100,,
1,1,0,warm,sat_saturate,18,4648.7,2569.6,1.2,100,,
1,1,0,warm,sat_saturate,19,4654.2,2566.2,2.5,100,,
1,1,0,cold,sat_checked,0,5974.2,2572.5,1.2,100,,
1,1,0,cold,sat_checked,1,5963.3,2575.8,0.8,100,,
1,1,0,cold,sat_checked,2,5946.7,2573.8,1.7,100,,
1,1,0,cold,sat_checked,3,5950.4,2570.4,0.4,100,,
1,1,0,cold,sat_checked,4,5945.8,2564.6,1.2,100,,
1,1,0,cold,sat_checked,5,5947.1,2566.2,1.2,100,,
1,1,0,cold,sat_checked,6,5971.2,2586.2,2.9,100,,
1,1,0,cold,sat_checked,7,5964.2,2580.8,1.7,100,,
1,1,0,cold,sat_checked,8,6010.0,2600.8,1.2,100,,
1,1,0,cold,sat_checked,9,5997.9,2610.0,1.7,100,,
1,1,0,cold,sat_checked,10,5938.8,2576.7,3.3,100,,
1,1,0,cold,sat_checked,11,5940.8,2570.4,2.5,100,,
1,1,0,cold,sat_checked,12,5945.4,2563.8,0.8,100,,
1,1,0,cold,sat_checked,13,5945.8,2565.4,0.0,100,,
1,1,0,cold,sat_checked,14,5940.8,2567.5,2.1,100,,
1,1,0,cold,sat_checked,15,5955.0,2577.1,0.4,100,,
1,1,0,cold,sat_checked,16,5946.2,2565.8,1.2,100,,
1,1,0,cold,sat_checked,17,5997.1,2599.2,1.7,100,,
1,1,0,cold,sat_checked,18,5947.9,2567.5,1.2,100,,
1,1,0,cold,sat_checked,19,6027.9,2601.7,1.7,100,,
1,1,0,cold,sat_wrap,0,4780.0,1320.4,0.4,100,,
1,1,0,cold,sat_wrap,1,4727.1,1315.0,1.7,100,,
1,1,0,cold,sat_wrap,2,4707.5,1313.8,1.7,100,,
1,1,0,cold,sat_wrap,3,4680.0,1307.9,0.8,100,,
1,1,0,cold,sat_wrap,4,4685.4,1298.8,0.0,100,,
1,1,0,cold,sat_wrap,5,4759.2,1320.8,0.8,100,,
1,1,0,cold,sat_wrap,6,4711.2,1311.7,0.8,100,,
1,1,0,cold,sat_wrap,7,4736.7,1322.9,0.4,100,,
1,1,0,cold,sat_wrap,8,4679.6,1308.8,1.2,100,,
1,1,0,cold,sat_wrap,9,4675.4,1305.4,2.1,100,,
1,1,0,cold,sat_wrap,10,4670.8,1308.3,1.7,100,,
1,1,0,cold,sat_wrap,11,4672.5,1307.9,0.8,100,,
1,1,0,cold,sat_wrap,12,4701.7,1322.1,0.8,100,,
1,1,0,cold,sat_wrap,13,4679.2,1301.7,1.2,100,,
1,1,0,cold,sat_wrap,14,4674.6,1299.2,2.5,100,,
1,1,0,cold,sat_wrap,15,4790.4,1337.9,1.7,100,,
1,1,0,cold,sat_wrap,16,5408.3,1505.4,2.1,100,,
1,1,0,cold,sat_wrap,17,4990.4,1397.5,0.8,100,,
1,1,0,cold,sat_wrap,18,4807.1,1340.8,0.8,100,,
1,1,0,cold,sat_wrap,19,4855.8,1350.0,0.8,100,,
1,1,0,cold,sat_saturate,0,5973.8,2569.2,2.1,100,,
1,1,0,cold,sat_saturate,1,5990.4,2585.4,1.2,100,,
1,1,0,cold,sat_saturate,2,5977.5,2585.8,0.4,100,,
1,1,0,cold,sat_saturate,3,6284.6,2660.8,2.1,100,,
1,1,0,cold,sat_saturate,4,6096.2,2620.8,0.8,100,,
1,1,0,cold,sat_saturate,5,5953.3,2566.7,1.2,100,,
1,1,0,cold,sat_saturate,6,6068.8,2625.8,2.9,100,,
1,1,0,cold,sat_saturate,7,5960.4,2576.7,0.8,100,,
1,1,0,cold,sat_saturate,8,6084.6,2622.1,2.5,100,,
1,1,0,cold,sat_saturate,9,6056.2,2620.4,1.7,100,,
1,1,0,cold,sat_saturate,10,6049.6,2620.0,0.8,100,,
1,1,0,cold,sat_saturate,11,6053.3,2617.9,2.5,100,,
1,1,0,cold,sat_saturate,12,6057.9,2615.8,0.0,100,,
1,1,0,cold,sat_saturate,13,6053.3,2616.7,2.5,100,,
1,1,0,cold,sat_saturate,14,6057.9,2617.1,3.3,100,,
1,1,0,cold,sat_saturate,15,6110.0,2639.6,1.2,100,,
1,1,0,cold,sat_saturate,16,6077.9,2623.8,2.1,100,,
1,1,0,cold,sat_saturate,17,6062.5,2627.1,1.7,100,,
1,1,0,cold,sat_saturate,18,6055.8,2619.6,2.5,100,,
1,1,0,cold,sat_saturate,19,6055.8,2613.7,1.2,100,,
1,2,0,warm,sat_wrap,0,4188.8,1607.5,1.7,100,,
1,2,0,warm,sat_wrap,1,4177.1,1619.2,1.7,100,,
1,2,0,warm,sat_wrap,2,4180.0,1617.1,4.2,100,,
1,2,0,warm,sat_wrap,3,4182.1,1615.4,1.2,100,,
1,2,0,warm,sat_wrap,4,4173.3,1609.2,2.1,100,,
1,2,0,warm,sat_wrap,5,4180.0,1610.4,0.4,100,,
1,2,0,warm,sat_wrap,6,4180.0,1616.2,1.7,100,,
1,2,0,warm,sat_wrap,7,4175.4,1615.8,2.1,100,,
1,2,0,warm,sat_wrap,8,3941.7,1524.6,1.2,100,,
1,2,0,warm,sat_wrap,9,3894.6,1510.4,1.2,100,,
1,2,0,warm,sat_wrap,10,3889.2,1510.8,2.5,100,,
1,2,0,warm,sat_wrap,11,3765.0,1509.6,2.9,100,,
1,2,0,warm,sat_wrap,12,3590.4,1377.5,0.8,100,,
1,2,0,warm,sat_wrap,13,3477.5,1341.2,0.8,100,,
1,2,0,warm,sat_wrap,14,3892.9,1500.0,1.7,100,,
1,2,0,warm,sat_wrap,15,3936.2,1540.8,1.2,100,,
1,2,0,warm,sat_wrap,16,3913.3,1510.4,1.7,100,,
1,2,0,warm,sat_wrap,17,3918.7,1515.4,1.2,100,,
1,2,0,warm,sat_wrap,18,3909.6,1512.9,0.8,100,,
1,2,0,warm,sat_wrap,19,3912.5,1501.2,2.1,100,,
1,2,0,warm,sat_checked,0,4805.0,2652.9,3.3,100,,
1,2,0,warm,sat_checked,1,4806.7,2665.0,0.4,100,,
1,2,0,warm,sat_checked,2,4748.8,2633.8,1.7,100,,
1,2,0,warm,sat_checked,3,4742.9,2628.3,2.1,100,,
1,2,0,warm,sat_checked,4,4732.1,2618.3,1.7,100,,
1,2,0,warm,sat_checked,5,4747.9,2622.1,0.8,100,,
1,2,0,warm,sat_checked,6,4756.7,2637.1,0.8,100,,
1,2,0,warm,sat_checked,7,4730.8,2620.4,2.5,100,,
1,2,0,warm,sat_checked,8,4767.1,2639.2,2.1,100,,
1,2,0,warm,sat_checked,9,4724.2,2618.8,2.1,100,,
1,2,0,warm,sat_checked,10,4725.0,2622.1,3.3,100,,
1,2,0,warm,sat_checked,11,4724.6,2619.2,2.1,100,,
1,2,0,warm,sat_checked,12,4804.6,2646.7,1.7,100,,
1,2,0,warm,sat_checked,13,4731.2,2614.2,1.7,100,,
1,2,0,warm,sat_checked,14,4762.5,2629.2,1.2,100,,
1,2,0,warm,sat_checked,15,4789.2,2645.4,2.1,100,,
1,2,0,warm,sat_checked,16,4947.9,2787.1,4.6,100,,
1,2,0,warm,sat_checked,17,4800.4,2661.2,1.7,100,,
1,2,0,warm,sat_checked,18,4728.3,2617.9,3.7,100,,
1,2,0,warm,sat_checked,19,4736.7,2613.7,2.1,100,,
1,2,0,warm,sat_saturate,0,4655.8,2565.8,2.1,100,,
1,2,0,warm,sat_saturate,1,4655.4,2576.2,0.8,100,,
1,2,0,warm,sat_saturate,2,4656.2,2573.8,0.8,100,,
1,2,0,warm,sat_saturate,3,4662.1,2572.5,0.4,100,,
1,2,0,warm,sat_saturate,4,5725.8,3154.6,1.7,100,,
1,2,0,warm,sat_saturate,5,5201.7,2863.8,1.2,100,,
1,2,0,warm,sat_saturate,6,4694.2,2595.8,2.9,100,,
1,2,0,warm,sat_saturate,7,4678.8,2583.7,1.2,100,,
1,2,0,warm,sat_saturate,8,4802.5,2658.3,2.1,100,,
1,2,0,warm,sat_saturate,9,4809.2,2662.5,1.2,100,,
1,2,0,warm,sat_saturate,10,4853.7,2687.9,1.2,100,,
1,2,0,warm,sat_saturate,11,4849.6,2681.7,2.1,100,,
1,2,0,warm,sat_saturate,12,4845.4,2652.9,0.8,100,,
1,2,0,warm,sat_saturate,13,4812.1,2656.2,0.4,100,,
1,2,0,warm,sat_saturate,14,4771.2,2634.2,2.1,100,,
1,2,0,warm,sat_saturate,15,4654.6,2572.1,1.2,100,,
1,2,0,warm,sat_saturate,16,4703.8,2594.2,2.1,100,,
1,2,0,warm,sat_saturate,17,4656.7,2571.7,1.7,100,,
1,2,0,warm,sat_saturate,18,4659.6,2572.9,1.7,100,,
1,2,0,warm,sat_saturate,19,4721.7,2601.2,1.2,100,,
1,2,0,cold,sat_wrap,0,4785.0,1317.1,2.1,100,,
1,2,0,cold,sat_wrap,1,4739.2,1318.7,1.2,100,,
1,2,0,cold,sat_wrap,2,4680.0,1306.2,1.7,100,,
1,2,0,cold,sat_wrap,3,4738.8,1318.7,2.9,100,,
1,2,0,cold,sat_wrap,4,4685.8,1300.8,1.2,100,,
1,2,0,cold,sat_wrap,5,4685.0,1301.7,0.4,100,,
1,2,0,cold,sat_wrap,6,4685.0,1309.2,2.5,100,,
1,2,0,cold,sat_wrap,7,4737.9,1322.5,1.7,100,,
1,2,0,cold,sat_wrap,8,4775.4,1336.7,1.2,100,,
1,2,0,cold,sat_wrap,9,4744.2,1321.2,2.9,100,,
1,2,0,cold,sat_wrap,10,4715.8,1322.1,0.4,100,,
1,2,0,cold,sat_wrap,11,4809.6,1346.2,0.8,100,,
1,2,0,cold,sat_wrap,12,4867.9,1346.2,0.4,100,,
1,2,0,cold,sat_wrap,13,4959.6,1375.8,0.0,100,,
1,2,0,cold,sat_wrap,14,4959.2,1376.7,2.5,100,,
1,2,0,cold,sat_wrap,15,4846.7,1353.8,1.2,100,,
1,2,0,cold,sat_wrap,16,4843.8,1347.1,1.7,100,,
1,2,0,cold,sat_wrap,17,4829.6,1353.8,2.1,100,,
1,2,0,cold,sat_wrap,18,4677.9,1307.9,0.8,100,,
1,2,0,cold,sat_wrap,19,4710.4,1310.0,1.2,100,,
1,2,0,cold,sat_checked,0,6621.2,2756.2,2.9,100,,
1,2,0,cold,sat_checked,1,6607.9,2758.3,2.1,100,,
1,2,0,cold,sat_checked,2,6983.3,2810.8,1.7,100,,
1,2,0,cold,sat_checked,3,6381.7,2758.3,1.7,100,,
1,2,0,cold,sat_checked,4,6850.0,2750.4,2.5,100,,
1,2,0,cold,sat_checked,5,6386.7,2750.0,2.5,100,,
1,2,0,cold,sat_checked,6,6264.6,2706.2,2.5,100,,
1,2,0,cold,sat_checked,7,6154.2,2663.8,2.1,100,,
1,2,0,cold,sat_checked,8,6256.7,2725.0,1.2,100,,
1,2,0,cold,sat_checked,9,6376.7,2726.2,4.2,100,,
1,2,0,cold,sat_checked,10,6147.9,2665.0,1.2,100,,
1,2,0,cold,sat_checked,11,6191.2,2676.7,0.8,100,,
1,2,0,cold,sat_checked,12,6195.0,2677.9,1.7,100,,
1,2,0,cold,sat_checked,13,6151.7,2655.8,0.0,100,,
1,2,0,cold,sat_checked,14,6170.0,2659.6,0.8,100,,
1,2,0,cold,sat_checked,15,5950.4,2571.7,3.3,100,,
1,2,0,cold,sat_checked,16,5975.0,2582.1,1.7,100,,
1,2,0,cold,sat_checked,17,5946.2,2573.8,1.2,100,,
1,2,0,cold,sat_checked,18,5982.5,2588.3,1.2,100,,
1,2,0,cold,sat_checked,19,5942.5,2567.5,1.7,100,,
1,2,0,cold,sat_saturate,0,6000.8,2582.5,0.4,100,,
1,2,0,cold,sat_saturate,1,5955.4,2569.6,1.7,100,,
1,2,0,cold,sat_saturate,2,5977.5,2583.3,2.1,100,,
1,2,0,cold,sat_saturate,3,5949.2,2573.8,0.8,100,,
1,2,0,cold,sat_saturate,4,5975.0,2578.8,1.2,100,,
1,2,0,cold,sat_saturate,5,6273.3,2640.4,2.1,100,,
1,2,0,cold,sat_saturate,6,6088.3,2632.9,1.2,100,,
1,2,0,cold,sat_saturate,7,5951.2,2570.8,2.5,100,,
1,2,0,cold,sat_saturate,8,6085.0,2644.2,2.5,100,,
1,2,0,cold,sat_saturate,9,6383.8,2802.5,2.5,100,,
1,2,0,cold,sat_saturate,10,6274.2,2719.2,2.1,100,,
1,2,0,cold,sat_saturate,11,6209.2,2699.2,1.7,100,,
1,2,0,cold,sat_saturate,12,6160.0,2661.2,1.2,100,,
1,2,0,cold,sat_saturate,13,6153.8,2656.7,1.7,100,,
1,2,0,cold,sat_saturate,14,6152.9,2656.7,2.5,100,,
1,2,0,cold,sat_saturate,15,6153.8,2662.9,1.2,100,,
1,2,0,cold,sat_saturate,16,6300.0,2715.4,2.1,100,,
1,2,0,cold,sat_saturate,17,6402.9,2771.7,2.1,100,,
1,2,0,cold,sat_saturate,18,6546.2,2690.8,0.8,100,,
1,2,0,cold,sat_saturate,19,6184.2,2675.4,0.0,100,,
1,3,0,warm,sat_saturate,0,4812.9,2657.1,1.2,100,,
1,3,0,warm,sat_saturate,1,4818.8,2670.8,1.7,100,,
1,3,0,warm,sat_saturate,2,4835.8,2673.8,1.7,100,,
1,3,0,warm,sat_saturate,3,4847.5,2682.1,3.3,100,,
1,3,0,warm,sat_saturate,4,4813.8,2657.5,0.4,100,,
1,3,0,warm,sat_saturate,5,4812.5,2652.5,2.9,100,,
1,3,0,warm,sat_saturate,6,4770.4,2640.0,0.0,100,,
1,3,0,warm,sat_saturate,7,4649.2,2568.3,0.8,100,,
1,3,0,warm,sat_saturate,8,4677.1,2590.4,2.5,100,,
1,3,0,warm,sat_saturate,9,4686.7,2591.7,1.7,100,,
1,3,0,warm,sat_saturate,10,4639.2,2571.7,1.7,100,,
1,3,0,warm,sat_saturate,11,4670.4,2596.7,0.4,100,,
1,3,0,warm,sat_saturate,12,4684.6,2587.9,1.7,100,,
1,3,0,warm,sat_saturate,13,4647.9,2564.6,0.8,100,,
1,3,0,warm,sat_saturate,14,4755.8,2624.6,1.7,100,,
1,3,0,warm,sat_saturate,15,4923.3,2720.4,2.9,100,,
1,3,0,warm,sat_saturate,16,4875.4,2690.4,3.3,100,,
1,3,0,warm,sat_saturate,17,4825.8,2667.1,0.0,100,,
1,3,0,warm,sat_saturate,18,4810.0,2660.8,2.9,100,,
1,3,0,warm,sat_saturate,19,4813.8,2648.8,1.7,100,,
1,3,0,warm,sat_checked,0,4650.0,2569.2,0.8,100,,
1,3,0,warm,sat_checked,1,4647.9,2573.8,2.1,100,,
1,3,0,warm,sat_checked,2,4646.7,2573.8,1.2,100,,
1,3,0,warm,sat_checked,3,4688.8,2594.6,0.4,100,,
1,3,0,warm,sat_checked,4,4698.8,2595.8,0.8,100,,
1,3,0,warm,sat_checked,5,4647.1,2565.4,0.8,100,,
1,3,0,warm,sat_checked,6,4647.5,2577.1,0.8,100,,
1,3,0,warm,sat_checked,7,4645.0,2571.7,2.5,100,,
1,3,0,warm,sat_checked,8,4643.8,2572.9,0.8,100,,
1,3,0,warm,sat_checked,9,4703.3,2598.3,2.1,100,,
1,3,0,warm,sat_checked,10,4642.9,2575.4,1.2,100,,
1,3,0,warm,sat_checked,11,4645.8,2575.0,2.1,100,,
1,3,0,warm,sat_checked,12,4649.2,2564.6,1.7,100,,
1,3,0,warm,sat_checked,13,4671.2,2592.9,0.4,100,,
1,3,0,warm,sat_checked,14,4646.2,2567.1,2.9,100,,
1,3,0,warm,sat_checked,15,4647.1,2573.3,2.5,100,,
1,3,0,warm,sat_checked,16,4647.9,2569.2,4.6,100,,
1,3,0,warm,sat_checked,17,4650.4,2576.2,3.3,100,,
1,3,0,warm,sat_checked,18,4646.7,2571.2,1.2,100,,
1,3,0,warm,sat_checked,19,4837.9,2666.7,2.1,100,,
1,3,0,warm,sat_wrap,0,3624.6,1395.0,2.1,100,,
1,3,0,warm,sat_wrap,1,3626.2,1405.8,0.4,100,,
1,3,0,warm,sat_wrap,2,3625.0,1401.7,1.7,100,,
1,3,0,warm,sat_wrap,3,3622.1,1402.5,1.7,100,,
1,3,0,warm,sat_wrap,4,3619.6,1394.6,2.1,100,,
1,3,0,warm,sat_wrap,5,3620.4,1399.2,0.8,100,,
1,3,0,warm,sat_wrap,6,3624.6,1402.1,1.2,100,,
1,3,0,warm,sat_wrap,7,3619.2,1397.9,2.1,100,,
1,3,0,warm,sat_wrap,8,3620.4,1403.7,1.7,100,,
1,3,0,warm,sat_wrap,9,3612.9,1400.8,1.7,100,,
1,3,0,warm,sat_wrap,10,3568.3,1387.9,0.8,100,,
1,3,0,warm,sat_wrap,11,3381.2,1311.2,1.7,100,,
1,3,0,warm,sat_wrap,12,3376.7,1302.9,1.2,100,,
1,3,0,warm,sat_wrap,13,3372.5,1302.5,2.5,100,,
1,3,0,warm,sat_wrap,14,3368.3,1298.3,1.7,100,,
1,3,0,warm,sat_wrap,15,3408.8,1321.2,0.0,100,,
1,3,0,warm,sat_wrap,16,3381.2,1301.7,1.7,100,,
1,3,0,warm,sat_wrap,17,3386.7,1312.1,2.1,100,,
1,3,0,warm,sat_wrap,18,3382.1,1307.9,1.7,100,,
1,3,0,warm,sat_wrap,19,3427.1,1310.8,1.7,100,,
1,3,0,cold,sat_saturate,0,6405.8,2755.0,2.1,100,,
1,3,0,cold,sat_saturate,1,6390.4,2757.1,3.3,100,,
1,3,0,cold,sat_saturate,2,6372.1,2759.2,3.3,100,,
1,3,0,cold,sat_saturate,3,6375.8,2754.2,3.3,100,,
1,3,0,cold,sat_saturate,4,6376.7,2751.2,1.7,100,,
1,3,0,cold,sat_saturate,5,6312.5,2723.8,0.8,100,,
1,3,0,cold,sat_saturate,6,6047.5,2614.6,0.8,100,,
1,3,0,cold,sat_saturate,7,6149.6,2659.2,0.8,100,,
1,3,0,cold,sat_saturate,8,6239.6,2717.5,0.8,100,,
1,3,0,cold,sat_saturate,9,6168.8,2670.4,0.4,100,,
1,3,0,cold,sat_saturate,10,6148.7,2665.8,2.5,100,,
1,3,0,cold,sat_saturate,11,6084.6,2636.2,1.2,100,,
1,3,0,cold,sat_saturate,12,5961.7,2567.1,0.4,100,,
1,3,0,cold,sat_saturate,13,5957.5,2570.8,1.7,100,,
1,3,0,cold,sat_saturate,14,5976.7,2574.6,2.1,100,,
1,3,0,cold,sat_saturate,15,5975.4,2583.7,2.1,100,,
1,3,0,cold,sat_saturate,16,6093.8,2650.8,2.1,100,,
1,3,0,cold,sat_saturate,17,5987.9,2593.3,0.8,100,,
1,3,0,cold,sat_saturate,18,5947.5,2568.3,1.2,100,,
1,3,0,cold,sat_saturate,19,5980.0,2577.9,0.8,100,,
1,3,0,cold,sat_checked,0,7375.8,3177.1,2.1,100,,
1,3,0,cold,sat_checked,1,7367.5,3185.4,0.8,100,,
1,3,0,cold,sat_checked,2,6978.3,3014.6,1.2,100,,
1,3,0,cold,sat_checked,3,6876.7,2972.9,1.2,100,,
1,3,0,cold,sat_checked,4,6865.8,2966.2,3.3,100,,
1,3,0,cold,sat_checked,5,6870.0,2966.7,1.7,100,,
1,3,0,cold,sat_checked,6,6875.0,2972.1,0.4,100,,
1,3,0,cold,sat_checked,7,6892.5,2970.8,1.2,100,,
1,3,0,cold,sat_checked,8,6870.4,2974.6,2.5,100,,
1,3,0,cold,sat_checked,9,6337.1,2746.7,1.7,100,,
1,3,0,cold,sat_checked,10,6006.2,2602.5,0.8,100,,
1,3,0,cold,sat_checked,11,5940.8,2572.9,1.2,100,,
1,3,0,cold,sat_checked,12,5957.5,2570.4,1.7,100,,
1,3,0,cold,sat_checked,13,5946.2,2566.7,2.1,100,,
1,3,0,cold,sat_checked,14,5946.2,2569.6,1.7,100,,
1,3,0,cold,sat_checked,15,5950.4,2574.2,2.5,100,,
1,3,0,cold,sat_checked,16,5946.2,2571.2,2.5,100,,
1,3,0,cold,sat_checked,17,5950.4,2574.6,1.2,100,,
1,3,0,cold,sat_checked,18,5944.2,2571.7,2.1,100,,
1,3,0,cold,sat_checked,19,6170.4,2658.8,2.9,100,,
1,3,0,cold,sat_wrap,0,4880.4,1345.8,1.2,100,,
1,3,0,cold,sat_wrap,1,4860.8,1355.4,1.7,100,,
1,3,0,cold,sat_wrap,2,4748.3,1327.9,0.8,100,,
1,3,0,cold,sat_wrap,3,4704.6,1309.6,1.7,100,,
1,3,0,cold,sat_wrap,4,4690.4,1298.8,2.1,100,,
1,3,0,cold,sat_wrap,5,4684.2,1301.7,2.1,100,,
1,3,0,cold,sat_wrap,6,4719.2,1315.8,1.7,100,,
1,3,0,cold,sat_wrap,7,4675.8,1307.5,1.2,100,,
1,3,0,cold,sat_wrap,8,4684.2,1310.0,0.4,100,,
1,3,0,cold,sat_wrap,9,4706.2,1308.8,2.1,100,,
1,3,0,cold,sat_wrap,10,4707.9,1316.7,0.8,100,,
1,3,0,cold,sat_wrap,11,4676.7,1309.2,2.1,100,,
1,3,0,cold,sat_wrap,12,4732.9,1307.1,2.1,100,,
1,3,0,cold,sat_wrap,13,4677.1,1304.6,1.7,100,,
1,3,0,cold,sat_wrap,14,4709.6,1310.4,2.9,100,,
1,3,0,cold,sat_wrap,15,4740.8,1324.6,0.8,100,,
1,3,0,cold,sat_wrap,16,4724.6,1312.9,2.1,100,,
1,3,0,cold,sat_wrap,17,5116.7,1363.7,1.7,100,,
1,3,0,cold,sat_wrap,18,4822.5,1341.2,0.8,100,,
1,3,0,cold,sat_wrap,19,4840.0,1347.1,2.5,100,,
1,4,0,warm,sat_wrap,0,3382.9,1301.7,1.7,100,,
1,4,0,warm,sat_wrap,1,3389.2,1313.8,0.8,100,,
1,4,0,warm,sat_wrap,2,3378.8,1307.9,1.7,100,,
1,4,0,warm,sat_wrap,3,3389.2,1309.6,0.8,100,,
1,4,0,warm,sat_wrap,4,3383.3,1297.9,2.5,100,,
1,4,0,warm,sat_wrap,5,3380.8,1304.6,1.2,100,,
1,4,0,warm,sat_wrap,6,3388.3,1309.2,1.2,100,,
1,4,0,warm,sat_wrap,7,3380.8,1311.7,1.2,100,,
1,4,0,warm,sat_wrap,8,3383.7,1307.1,1.7,100,,
1,4,0,warm,sat_wrap,9,3373.3,1305.4,1.2,100,,
1,4,0,warm,sat_wrap,10,3417.5,1324.2,1.2,100,,
1,4,0,warm,sat_wrap,11,3421.2,1321.2,1.7,100,,
1,4,0,warm,sat_wrap,12,3378.3,1304.6,2.1,100,,
1,4,0,warm,sat_wrap,13,3377.9,1300.0,2.1,100,,
1,4,0,warm,sat_wrap,14,3381.2,1297.5,0.4,100,,
1,4,0,warm,sat_wrap,15,3383.7,1309.6,1.2,100,,
1,4,0,warm,sat_wrap,16,3383.7,1302.1,1.7,100,,
1,4,0,warm,sat_wrap,17,3382.5,1310.0,1.7,100,,
1,4,0,warm,sat_wrap,18,3379.6,1304.2,2.1,100,,
1,4,0,warm,sat_wrap,19,3405.8,1300.4,1.7,100,,
1,4,0,warm,sat_checked,0,4649.2,2567.1,2.9,100,,
1,4,0,warm,sat_checked,1,4800.4,2661.7,1.2,100,,
1,4,0,warm,sat_checked,2,5500.0,3045.4,0.8,100,,
1,4,0,warm,sat_checked,3,5746.7,3181.2,2.5,100,,
1,4,0,warm,sat_checked,4,5431.7,2997.5,1.2,100,,
1,4,0,warm,sat_checked,5,4674.6,2582.1,1.7,100,,
1,4,0,warm,sat_checked,6,4645.4,2574.2,1.2,100,,
1,4,0,warm,sat_checked,7,4676.7,2593.8,1.7,100,,
1,4,0,warm,sat_checked,8,4661.2,2580.4,0.8,100,,
1,4,0,warm,sat_checked,9,4711.7,2610.8,2.1,100,,
1,4,0,warm,sat_checked,10,4717.9,2621.2,1.2,100,,
1,4,0,warm,sat_checked,11,5002.5,2770.4,0.8,100,,
1,4,0,warm,sat_checked,12,5110.4,2761.7,5.0,100,,
1,4,0,warm,sat_checked,13,4983.3,2755.0,2.1,100,,
1,4,0,warm,sat_checked,14,4981.2,2752.9,2.1,100,,
1,4,0,warm,sat_checked,15,4854.6,2682.5,2.9,100,,
1,4,0,warm,sat_checked,16,4810.4,2657.9,2.5,100,,
1,4,0,warm,sat_checked,17,4782.1,2643.8,0.8,100,,
1,4,0,warm,sat_checked,18,4642.9,2569.6,0.8,100,,
1,4,0,warm,sat_checked,19,4685.8,2585.0,2.9,100,,
1,4,0,warm,sat_saturate,0,4702.5,2598.7,2.1,100,,
1,4,0,warm,sat_saturate,1,5314.2,2941.7,2.9,100,,
1,4,0,warm,sat_saturate,2,4908.3,2713.7,3.3,100,,
1,4,0,warm,sat_saturate,3,5142.5,2912.1,2.9,100,,
1,4,0,warm,sat_saturate,4,5330.8,2924.6,2.5,100,,
1,4,0,warm,sat_saturate,5,4727.5,2605.8,2.1,100,,
1,4,0,warm,sat_saturate,6,4663.3,2582.1,2.9,100,,
1,4,0,warm,sat_saturate,7,4741.7,2625.0,0.8,100,,
1,4,0,warm,sat_saturate,8,4676.7,2584.6,1.7,100,,
1,4,0,warm,sat_saturate,9,4649.6,2578.8,3.3,100,,
1,4,0,warm,sat_saturate,10,4673.3,2591.2,1.2,100,,
1,4,0,warm,sat_saturate,11,4639.6,2572.5,1.7,100,,
1,4,0,warm,sat_saturate,12,4752.1,2612.5,1.2,100,,
1,4,0,warm,sat_saturate,13,4847.9,2679.2,1.2,100,,
1,4,0,warm,sat_saturate,14,5080.0,2894.2,1.2,100,,
1,4,0,warm,sat_saturate,15,4849.2,2690.4,2.1,100,,
1,4,0,warm,sat_saturate,16,4832.5,2666.2,2.5,100,,
1,4,0,warm,sat_saturate,17,4815.0,2667.5,1.2,100,,
1,4,0,warm,sat_saturate,18,4803.3,2660.4,2.1,100,,
1,4,0,warm,sat_saturate,19,4840.8,2672.1,0.8,100,,
1,4,0,cold,sat_wrap,0,4782.9,1324.6,2.1,100,,
1,4,0,cold,sat_wrap,1,4892.5,1393.8,1.2,100,,
1,4,0,cold,sat_wrap,2,4765.4,1329.6,1.2,100,,
1,4,0,cold,sat_wrap,3,4805.0,1338.8,1.2,100,,
1,4,0,cold,sat_wrap,4,4686.7,1305.0,0.8,100,,
1,4,0,cold,sat_wrap,5,4767.9,1321.2,2.1,100,,
1,4,0,cold,sat_wrap,6,4722.1,1317.9,0.8,100,,
1,4,0,cold,sat_wrap,7,4683.3,1309.2,1.7,100,,
1,4,0,cold,sat_wrap,8,4684.2,1306.7,1.2,100,,
1,4,0,cold,sat_wrap,9,4680.8,1305.4,1.2,100,,
1,4,0,cold,sat_wrap,10,4675.8,1306.2,0.8,100,,
1,4,0,cold,sat_wrap,11,4724.2,1319.2,0.8,100,,
1,4,0,cold,sat_wrap,12,4709.2,1322.1,2.5,100,,
1,4,0,cold,sat_wrap,13,4677.9,1299.2,1.7,100,,
1,4,0,cold,sat_wrap,14,4701.2,1306.7,2.1,100,,
1,4,0,cold,sat_wrap,15,4745.4,1328.8,1.7,100,,
1,4,0,cold,sat_wrap,16,4680.4,1300.0,1.7,100,,
1,4,0,cold,sat_wrap,17,4685.4,1309.6,3.3,100,,
1,4,0,cold,sat_wrap,18,4684.6,1307.1,1.7,100,,
1,4,0,cold,sat_wrap,19,4690.4,1301.7,1.2,100,,
1,4,0,cold,sat_checked,0,6239.2,2685.4,1.7,100,,
1,4,0,cold,sat_checked,1,6269.2,2699.6,1.2,100,,
1,4,0,cold,sat_checked,2,6150.8,2657.9,0.4,100,,
1,4,0,cold,sat_checked,3,5947.5,2572.5,0.4,100,,
1,4,0,cold,sat_checked,4,5999.2,2591.2,2.1,100,,
1,4,0,cold,sat_checked,5,6061.2,2614.6,1.7,100,,
1,4,0,cold,sat_checked,6,6058.3,2623.8,0.8,100,,
1,4,0,cold,sat_checked,7,6053.7,2619.6,1.7,100,,
1,4,0,cold,sat_checked,8,6061.2,2625.0,1.2,100,,
1,4,0,cold,sat_checked,9,6074.6,2619.6,2.9,100,,
1,4,0,cold,sat_checked,10,6060.4,2623.8,2.1,100,,
1,4,0,cold,sat_checked,11,6060.8,2620.0,1.7,100,,
1,4,0,cold,sat_checked,12,6061.2,2619.2,1.7,100,,
1,4,0,cold,sat_checked,13,6054.2,2616.7,1.7,100,,
1,4,0,cold,sat_checked,14,5945.8,2564.2,2.9,100,,
1,4,0,cold,sat_checked,15,6013.3,2602.1,0.8,100,,
1,4,0,cold,sat_checked,16,6151.2,2657.5,1.7,100,,
1,4,0,cold,sat_checked,17,6225.8,2694.6,1.2,100,,
1,4,0,cold,sat_checked,18,6229.2,2696.2,1.2,100,,
1,4,0,cold,sat_checked,19,6050.8,2610.8,2.5,100,,
1,4,0,cold,sat_saturate,0,5971.2,2569.6,0.8,100,,
1,4,0,cold,sat_saturate,1,5987.5,2591.2,1.2,100,,
1,4,0,cold,sat_saturate,2,5943.8,2573.3,2.5,100,,
1,4,0,cold,sat_saturate,3,5949.6,2572.1,2.5,100,,
1,4,0,cold,sat_saturate,4,5979.6,2579.6,0.8,100,,
1,4,0,cold,sat_saturate,5,5982.9,2581.2,2.5,100,,
1,4,0,cold,sat_saturate,6,6239.6,2629.6,1.2,100,,
1,4,0,cold,sat_saturate,7,6087.1,2635.8,1.2,100,,
1,4,0,cold,sat_saturate,8,5999.6,2585.4,2.1,100,,
1,4,0,cold,sat_saturate,9,6003.8,2596.7,2.9,100,,
1,4,0,cold,sat_saturate,10,6000.0,2599.2,1.7,100,,
1,4,0,cold,sat_saturate,11,5944.6,2569.6,2.5,100,,
1,4,0,cold,sat_saturate,12,5960.4,2568.3,1.7,100,,
1,4,0,cold,sat_saturate,13,5988.7,2575.0,1.2,100,,
1,4,0,cold,sat_saturate,14,5953.7,2568.3,2.9,100,,
1,4,0,cold,sat_saturate,15,5948.8,2574.2,1.7,100,,
1,4,0,cold,sat_saturate,16,5970.8,2573.3,1.2,100,,
1,4,0,cold,sat_saturate,17,5962.5,2579.2,0.8,100,,
1,4,0,cold,sat_saturate,18,6032.5,2608.8,1.2,100,,
1,4,0,cold,sat_saturate,19,5952.9,2565.4,1.2,100,,
1,5,0,warm,sat_wrap,0,4189.6,1612.1,1.7,100,,
1,5,0,warm,sat_wrap,1,4182.9,1616.2,2.9,100,,
1,5,0,warm,sat_wrap,2,4182.5,1617.5,0.8,100,,
1,5,0,warm,sat_wrap,3,4184.2,1618.8,1.2,100,,
1,5,0,warm,sat_wrap,4,4178.8,1611.2,0.8,100,,
1,5,0,warm,sat_wrap,5,4180.4,1609.2,1.7,100,,
1,5,0,warm,sat_wrap,6,4177.9,1615.8,2.1,100,,
1,5,0,warm,sat_wrap,7,4173.3,1616.7,1.7,100,,
1,5,0,warm,sat_wrap,8,4175.8,1615.4,2.5,100,,
1,5,0,warm,sat_wrap,9,4012.9,1552.9,0.8,100,,
1,5,0,warm,sat_wrap,10,3900.0,1514.6,0.4,100,,
1,5,0,warm,sat_wrap,11,3904.6,1508.3,1.7,100,,
1,5,0,warm,sat_wrap,12,3923.3,1514.2,1.7,100,,
1,5,0,warm,sat_wrap,13,3920.8,1506.2,1.7,100,,
1,5,0,warm,sat_wrap,14,3948.7,1501.7,2.5,100,,
1,5,0,warm,sat_wrap,15,3955.4,1538.8,2.1,100,,
1,5,0,warm,sat_wrap,16,3595.4,1375.8,0.8,100,,
1,5,0,warm,sat_wrap,17,3522.9,1356.7,1.7,100,,
1,5,0,warm,sat_wrap,18,3552.9,1367.1,0.8,100,,
1,5,0,warm,sat_wrap,19,3510.8,1343.3,2.5,100,,
1,5,0,warm,sat_checked,0,4782.5,2630.0,1.7,100,,
1,5,0,warm,sat_checked,1,4767.1,2643.3,1.7,100,,
1,5,0,warm,sat_checked,2,4699.2,2604.6,0.4,100,,
1,5,0,warm,sat_checked,3,4648.7,2575.0,0.8,100,,
1,5,0,warm,sat_checked,4,4642.1,2565.8,1.7,100,,
1,5,0,warm,sat_checked,5,4643.8,2568.8,1.7,100,,
1,5,0,warm,sat_checked,6,4645.8,2575.4,1.7,100,,
1,5,0,warm,sat_checked,7,4649.2,2575.4,0.4,100,,
1,5,0,warm,sat_checked,8,4647.9,2573.3,1.2,100,,
1,5,0,warm,sat_checked,9,4646.2,2573.3,1.7,100,,
1,5,0,warm,sat_checked,10,4639.6,2573.3,0.8,100,,
1,5,0,warm,sat_checked,11,4641.7,2572.5,0.4,100,,
1,5,0,warm,sat_checked,12,4714.2,2595.8,0.4,100,,
1,5,0,warm,sat_checked,13,4758.7,2634.2,4.2,100,,
1,5,0,warm,sat_checked,14,4807.1,2656.2,0.8,100,,
1,5,0,warm,sat_checked,15,4942.5,2739.2,2.1,100,,
1,5,0,warm,sat_checked,16,4903.8,2708.8,2.9,100,,
1,5,0,warm,sat_checked,17,4803.3,2664.2,3.3,100,,
1,5,0,warm,sat_checked,18,4809.6,2660.0,1.7,100,,
1,5,0,warm,sat_checked,19,4746.2,2630.0,0.8,100,,
1,5,0,warm,sat_saturate,0,4832.9,2670.0,2.9,100,,
1,5,0,warm,sat_saturate,1,4833.3,2682.5,2.1,100,,
1,5,0,warm,sat_saturate,2,4853.7,2686.2,1.2,100,,
1,5,0,warm,sat_saturate,3,4653.8,2575.0,0.8,100,,
1,5,0,warm,sat_saturate,4,4707.9,2601.7,1.7,100,,
1,5,0,warm,sat_saturate,5,4706.7,2598.3,2.1,100,,
1,5,0,warm,sat_saturate,6,4751.7,2629.6,2.5,100,,
1,5,0,warm,sat_saturate,7,4741.2,2621.7,0.8,100,,
1,5,0,warm,sat_saturate,8,4732.9,2626.2,1.7,100,,
1,5,0,warm,sat_saturate,9,4733.3,2620.4,2.1,100,,
1,5,0,warm,sat_saturate,10,4726.7,2622.5,1.2,100,,
1,5,0,warm,sat_saturate,11,4732.5,2618.3,1.2,100,,
1,5,0,warm,sat_saturate,12,4755.0,2618.8,1.2,100,,
1,5,0,warm,sat_saturate,13,4734.2,2612.5,2.9,100,,
1,5,0,warm,sat_saturate,14,4852.1,2678.8,2.5,100,,
1,5,0,warm,sat_saturate,15,4899.2,2710.8,2.9,100,,
1,5,0,warm,sat_saturate,16,4880.8,2692.9,0.8,100,,
1,5,0,warm,sat_saturate,17,4994.6,2762.5,0.4,100,,
1,5,0,warm,sat_saturate,18,4986.7,2757.1,2.9,100,,
1,5,0,warm,sat_saturate,19,4989.2,2751.2,0.8,100,,
1,5,0,cold,sat_wrap,0,4882.5,1352.1,0.8,100,,
1,5,0,cold,sat_wrap,1,4784.2,1330.8,1.2,100,,
1,5,0,cold,sat_wrap,2,4770.4,1331.2,0.0,100,,
1,5,0,cold,sat_wrap,3,4810.8,1340.0,1.7,100,,
1,5,0,cold,sat_wrap,4,4772.5,1324.2,0.8,100,,
1,5,0,cold,sat_wrap,5,4772.5,1327.1,1.2,100,,
1,5,0,cold,sat_wrap,6,4769.2,1332.5,2.5,100,,
1,5,0,cold,sat_wrap,7,4820.8,1346.7,2.5,100,,
1,5,0,cold,sat_wrap,8,4770.4,1333.3,0.4,100,,
1,5,0,cold,sat_wrap,9,4822.9,1346.7,2.1,100,,
1,5,0,cold,sat_wrap,10,5004.6,1402.1,2.1,100,,
1,5,0,cold,sat_wrap,11,5012.1,1395.8,2.5,100,,
1,5,0,cold,sat_wrap,12,5034.2,1393.8,2.9,100,,
1,5,0,cold,sat_wrap,13,5015.4,1395.4,1.7,100,,
1,5,0,cold,sat_wrap,14,4859.6,1350.8,2.5,100,,
1,5,0,cold,sat_wrap,15,4874.2,1355.8,1.2,100,,
1,5,0,cold,sat_wrap,16,4860.0,1350.4,0.8,100,,
1,5,0,cold,sat_wrap,17,4871.7,1362.5,0.8,100,,
1,5,0,cold,sat_wrap,18,4922.5,1372.5,2.1,100,,
1,5,0,cold,sat_wrap,19,4974.2,1359.2,2.1,100,,
1,5,0,cold,sat_checked,0,6913.3,2969.2,2.5,100,,
1,5,0,cold,sat_checked,1,6892.9,2972.5,2.1,100,,
1,5,0,cold,sat_checked,2,6872.1,2974.6,2.1,100,,
1,5,0,cold,sat_checked,3,6874.6,2975.4,2.1,100,,
1,5,0,cold,sat_checked,4,6871.7,2962.9,2.1,100,,
1,5,0,cold,sat_checked,5,6872.1,2965.8,1.2,100,,
1,5,0,cold,sat_checked,6,6874.2,2974.2,1.2,100,,
1,5,0,cold,sat_checked,7,6900.4,2969.6,1.2,100,,
1,5,0,cold,sat_checked,8,6875.8,2975.0,1.7,100,,
1,5,0,cold,sat_checked,9,6870.4,2972.5,1.7,100,,
1,5,0,cold,sat_checked,10,6870.0,2979.6,0.0,100,,
1,5,0,cold,sat_checked,11,6961.2,2974.6,2.9,100,,
1,5,0,cold,sat_checked,12,6878.8,2967.5,0.8,100,,
1,5,0,cold,sat_checked,13,6864.6,2963.7,0.8,100,,
1,5,0,cold,sat_checked,14,6882.5,2968.8,1.7,100,,
1,5,0,cold,sat_checked,15,6873.3,2972.1,2.1,100,,
1,5,0,cold,sat_checked,16,6410.0,2761.2,0.8,100,,
1,5,0,cold,sat_checked,17,6378.8,2759.2,0.8,100,,
1,5,0,cold,sat_checked,18,6369.6,2755.8,2.1,100,,
1,5,0,cold,sat_checked,19,6149.6,2654.2,0.8,100,,
1,5,0,cold,sat_saturate,0,5976.2,2572.5,2.1,100,,
1,5,0,cold,sat_saturate,1,5962.5,2572.5,0.4,100,,
1,5,0,cold,sat_saturate,2,5953.3,2574.6,1.2,100,,
1,5,0,cold,sat_saturate,3,5957.5,2577.1,0.0,100,,
1,5,0,cold,sat_saturate,4,6667.9,2873.3,2.9,100,,
1,5,0,cold,sat_saturate,5,6875.4,2968.3,2.5,100,,
1,5,0,cold,sat_saturate,6,6887.1,2974.2,2.1,100,,
1,5,0,cold,sat_saturate,7,6896.7,2997.5,2.5,100,,
1,5,0,cold,sat_saturate,8,6878.8,2977.5,1.2,100,,
1,5,0,cold,sat_saturate,9,6879.2,2975.0,2.5,100,,
1,5,0,cold,sat_saturate,10,6873.8,2977.9,0.8,100,,
1,5,0,cold,sat_saturate,11,6878.3,2976.7,1.7,100,,
1,5,0,cold,sat_saturate,12,6465.8,2795.8,2.1,100,,
1,5,0,cold,sat_saturate,13,6097.1,2631.7,1.7,100,,
1,5,0,cold,sat_saturate,14,6014.6,2582.1,1.7,100,,
1,5,0,cold,sat_saturate,15,5982.5,2585.4,0.8,100,,
1,5,0,cold,sat_saturate,16,6007.9,2589.2,2.1,100,,
1,5,0,cold,sat_saturate,17,6272.1,2707.9,1.7,100,,
1,5,0,cold,sat_saturate,18,6383.3,2757.5,0.0,100,,
1,5,0,cold,sat_saturate,19,6389.2,2748.3,1.7,100,,
1,6,0,warm,sat_wrap,0,3420.4,1319.6,0.4,100,,
1,6,0,warm,sat_wrap,1,3380.0,1307.1,1.7,100,,
1,6,0,warm,sat_wrap,2,3375.4,1307.9,2.5,100,,
1,6,0,warm,sat_wrap,3,3436.7,1331.2,0.4,100,,
1,6,0,warm,sat_wrap,4,3379.2,1303.8,0.4,100,,
1,6,0,warm,sat_wrap,5,3435.8,1320.8,0.8,100,,
1,6,0,warm,sat_wrap,6,3384.2,1309.2,2.1,100,,
1,6,0,warm,sat_wrap,7,3371.7,1304.6,1.2,100,,
1,6,0,warm,sat_wrap,8,3382.5,1310.8,1.2,100,,
1,6,0,warm,sat_wrap,9,3374.2,1306.2,2.1,100,,
1,6,0,warm,sat_wrap,10,3367.9,1307.9,0.8,100,,
1,6,0,warm,sat_wrap,11,3371.7,1308.3,2.1,100,,
1,6,0,warm,sat_wrap,12,3390.4,1308.3,1.7,100,,
1,6,0,warm,sat_wrap,13,3447.5,1332.1,0.8,100,,
1,6,0,warm,sat_wrap,14,3372.5,1299.2,2.9,100,,
1,6,0,warm,sat_wrap,15,3375.4,1306.2,2.5,100,,
1,6,0,warm,sat_wrap,16,3383.7,1300.8,0.4,100,,
1,6,0,warm,sat_wrap,17,3381.2,1311.7,0.8,100,,
1,6,0,warm,sat_wrap,18,3373.7,1305.0,2.5,100,,
1,6,0,warm,sat_wrap,19,3407.5,1323.8,0.4,100,,
1,6,0,warm,sat_checked,0,4652.9,2570.0,2.5,100,,
1,6,0,warm,sat_checked,1,4643.8,2568.8,1.2,100,,
1,6,0,warm,sat_checked,2,4647.1,2578.8,0.8,100,,
1,6,0,warm,sat_checked,3,4647.9,2572.9,3.3,100,,
1,6,0,warm,sat_checked,4,5142.9,2837.9,2.9,100,,
1,6,0,warm,sat_checked,5,5368.3,2968.3,2.9,100,,
1,6,0,warm,sat_checked,6,5373.3,2975.0,0.4,100,,
1,6,0,warm,sat_checked,7,5370.0,2974.6,1.2,100,,
1,6,0,warm,sat_checked,8,5370.4,2976.2,0.4,100,,
1,6,0,warm,sat_checked,9,5377.1,2976.2,1.7,100,,
1,6,0,warm,sat_checked,10,5362.5,2978.7,1.2,100,,
1,6,0,warm,sat_checked,11,4940.0,2738.3,2.9,100,,
1,6,0,warm,sat_checked,12,4953.3,2724.6,1.2,100,,
1,6,0,warm,sat_checked,13,5367.1,2966.2,1.2,100,,
1,6,0,warm,sat_checked,14,5429.2,3027.9,3.3,100,,
1,6,0,warm,sat_checked,15,5367.5,2972.1,2.9,100,,
1,6,0,warm,sat_checked,16,5374.6,2973.8,0.8,100,,
1,6,0,warm,sat_checked,17,5373.8,2975.0,0.8,100,,
1,6,0,warm,sat_checked,18,5368.3,2970.8,1.2,100,,
1,6,0,warm,sat_checked,19,5370.4,2962.5,2.1,100,,
1,6,0,warm,sat_saturate,0,5375.0,2971.7,2.1,100,,
1,6,0,warm,sat_saturate,1,5382.9,2971.2,1.7,100,,
1,6,0,warm,sat_saturate,2,5352.1,2963.7,1.7,100,,
1,6,0,warm,sat_saturate,3,4983.8,2758.3,2.1,100,,
1,6,0,warm,sat_saturate,4,4988.3,2755.8,0.4,100,,
1,6,0,warm,sat_saturate,5,4992.1,2754.2,0.4,100,,
1,6,0,warm,sat_saturate,6,4994.6,2759.2,1.2,100,,
1,6,0,warm,sat_saturate,7,4983.3,2757.9,4.6,100,,
1,6,0,warm,sat_saturate,8,4986.7,2760.8,3.7,100,,
1,6,0,warm,sat_saturate,9,4980.8,2757.5,2.5,100,,
1,6,0,warm,sat_saturate,10,4970.0,2758.7,0.8,100,,
1,6,0,warm,sat_saturate,11,4779.2,2657.9,0.8,100,,
1,6,0,warm,sat_saturate,12,4735.8,2620.4,1.2,100,,
1,6,0,warm,sat_saturate,13,4675.4,2579.6,1.2,100,,
1,6,0,warm,sat_saturate,14,4795.0,2650.4,2.1,100,,
1,6,0,warm,sat_saturate,15,4832.5,2677.1,2.1,100,,
1,6,0,warm,sat_saturate,16,4965.4,2742.1,1.2,100,,
1,6,0,warm,sat_saturate,17,4863.3,2696.2,1.7,100,,
1,6,0,warm,sat_saturate,18,4804.2,2662.1,1.2,100,,
1,6,0,warm,sat_saturate,19,4810.0,2656.7,0.8,100,,
1,6,0,cold,sat_wrap,0,4906.2,1360.0,0.8,100,,
1,6,0,cold,sat_wrap,1,4884.6,1360.0,1.2,100,,
1,6,0,cold,sat_wrap,2,4883.3,1363.7,2.5,100,,
1,6,0,cold,sat_wrap,3,4872.1,1362.9,2.1,100,,
1,6,0,cold,sat_wrap,4,4766.2,1320.8,2.5,100,,
1,6,0,cold,sat_wrap,5,4724.2,1313.3,1.7,100,,
1,6,0,cold,sat_wrap,6,4703.3,1313.8,2.1,100,,
1,6,0,cold,sat_wrap,7,4678.8,1308.3,1.2,100,,
1,6,0,cold,sat_wrap,8,4684.6,1308.3,1.7,100,,
1,6,0,cold,sat_wrap,9,4676.7,1307.1,0.8,100,,
1,6,0,cold,sat_wrap,10,4672.5,1305.8,1.7,100,,
1,6,0,cold,sat_wrap,11,4675.4,1302.5,0.8,100,,
1,6,0,cold,sat_wrap,12,4702.5,1300.8,2.5,100,,
1,6,0,cold,sat_wrap,13,4675.8,1295.8,2.1,100,,
1,6,0,cold,sat_wrap,14,4677.1,1297.9,2.1,100,,
1,6,0,cold,sat_wrap,15,4760.0,1326.2,1.2,100,,
1,6,0,cold,sat_wrap,16,4692.1,1305.8,1.2,100,,
1,6,0,cold,sat_wrap,17,4771.7,1330.4,3.3,100,,
1,6,0,cold,sat_wrap,18,4846.2,1352.1,0.8,100,,
1,6,0,cold,sat_wrap,19,4866.2,1354.2,2.9,100,,
1,6,0,cold,sat_checked,0,5970.4,2567.9,2.1,100,,
1,6,0,cold,sat_checked,1,5957.9,2570.8,0.8,100,,
1,6,0,cold,sat_checked,2,5946.7,2575.4,2.5,100,,
1,6,0,cold,sat_checked,3,5955.4,2570.4,0.8,100,,
1,6,0,cold,sat_checked,4,5963.3,2569.6,1.2,100,,
1,6,0,cold,sat_checked,5,6303.7,2718.3,0.8,100,,
1,6,0,cold,sat_checked,6,6156.2,2666.2,0.8,100,,
1,6,0,cold,sat_checked,7,6080.0,2633.3,2.1,100,,
1,6,0,cold,sat_checked,8,6832.9,2957.9,3.3,100,,
1,6,0,cold,sat_checked,9,6239.6,2694.6,4.6,100,,
1,6,0,cold,sat_checked,10,5940.8,2577.1,1.7,100,,
1,6,0,cold,sat_checked,11,5944.2,2570.0,2.5,100,,
1,6,0,cold,sat_checked,12,5943.3,2566.2,3.7,100,,
1,6,0,cold,sat_checked,13,5941.2,2564.6,0.4,100,,
1,6,0,cold,sat_checked,14,5944.6,2569.6,0.4,100,,
1,6,0,cold,sat_checked,15,6789.6,2939.6,0.8,100,,
1,6,0,cold,sat_checked,16,6869.6,2966.7,4.2,100,,
1,6,0,cold,sat_checked,17,6874.6,2977.1,1.7,100,,
1,6,0,cold,sat_checked,18,6871.2,2970.4,2.5,100,,
1,6,0,cold,sat_checked,19,6881.7,2970.8,1.7,100,,
1,6,0,cold,sat_saturate,0,6258.8,2689.6,2.1,100,,
1,6,0,cold,sat_saturate,1,6192.1,2671.2,0.8,100,,
1,6,0,cold,sat_saturate,2,6210.4,2690.0,1.2,100,,
1,6,0,cold,sat_saturate,3,6150.8,2660.8,2.1,100,,
1,6,0,cold,sat_saturate,4,6150.0,2657.5,2.9,100,,
1,6,0,cold,sat_saturate,5,6034.2,2604.2,1.2,100,,
1,6,0,cold,sat_saturate,6,5977.5,2584.2,2.5,100,,
1,6,0,cold,sat_saturate,7,5972.9,2570.8,0.0,100,,
1,6,0,cold,sat_saturate,8,5974.2,2584.6,0.8,100,,
1,6,0,cold,sat_saturate,9,5976.7,2590.4,1.7,100,,
1,6,0,cold,sat_saturate,10,5975.4,2590.0,1.2,100,,
1,6,0,cold,sat_saturate,11,5946.2,2575.8,2.1,100,,
1,6,0,cold,sat_saturate,12,5991.2,2585.8,1.7,100,,
1,6,0,cold,sat_saturate,13,5964.2,2574.2,1.2,100,,
1,6,0,cold,sat_saturate,14,5942.9,2567.5,2.1,100,,
1,6,0,cold,sat_saturate,15,6024.2,2605.0,3.7,100,,
1,6,0,cold,sat_saturate,16,6030.4,2603.3,0.8,100,,
1,6,0,cold,sat_saturate,17,6010.4,2598.3,2.9,100,,
1,6,0,cold,sat_saturate,18,6357.5,2881.2,2.5,100,,
1,6,0,cold,sat_saturate,19,6067.5,2620.8,2.5,100,,
1,7,0,warm,sat_saturate,0,5747.5,3175.4,2.1,100,,
1,7,0,warm,sat_saturate,1,5741.2,3178.8,2.1,100,,
1,7,0,warm,sat_saturate,2,5750.8,3179.2,1.2,100,,
1,7,0,warm,sat_saturate,3,5740.0,3179.2,2.5,100,,
1,7,0,warm,sat_saturate,4,5748.3,3176.7,1.2,100,,
1,7,0,warm,sat_saturate,5,5742.9,3173.3,2.1,100,,
1,7,0,warm,sat_saturate,6,4784.6,2653.3,3.7,100,,
1,7,0,warm,sat_saturate,7,4641.7,2572.5,1.7,100,,
1,7,0,warm,sat_saturate,8,4646.7,2574.2,2.1,100,,
1,7,0,warm,sat_saturate,9,4649.6,2571.2,1.7,100,,
1,7,0,warm,sat_saturate,10,5288.3,2945.0,2.1,100,,
1,7,0,warm,sat_saturate,11,5365.0,2971.7,1.7,100,,
1,7,0,warm,sat_saturate,12,5367.9,2967.1,1.7,100,,
1,7,0,warm,sat_saturate,13,5363.7,2961.2,2.5,100,,
1,7,0,warm,sat_saturate,14,5362.1,2963.3,2.5,100,,
1,7,0,warm,sat_saturate,15,5370.0,2975.8,2.9,100,,
1,7,0,warm,sat_saturate,16,5385.4,2967.9,0.8,100,,
1,7,0,warm,sat_saturate,17,5370.4,2977.1,2.9,100,,
1,7,0,warm,sat_saturate,18,5363.3,2970.4,2.1,100,,
1,7,0,warm,sat_saturate,19,5390.4,2985.8,0.8,100,,
1,7,0,warm,sat_wrap,0,3637.1,1398.3,3.7,100,,
1,7,0,warm,sat_wrap,1,3622.9,1402.1,1.2,100,,
1,7,0,warm,sat_wrap,2,3615.8,1398.3,2.1,100,,
1,7,0,warm,sat_wrap,3,3497.5,1354.6,1.2,100,,
1,7,0,warm,sat_wrap,4,3536.7,1362.1,2.5,100,,
1,7,0,warm,sat_wrap,5,3618.3,1395.0,1.7,100,,
1,7,0,warm,sat_wrap,6,3623.7,1400.4,2.5,100,,
1,7,0,warm,sat_wrap,7,3957.1,1402.1,4.2,100,,
1,7,0,warm,sat_wrap,8,3618.7,1402.5,2.5,100,,
1,7,0,warm,sat_wrap,9,3620.0,1400.0,0.8,100,,
1,7,0,warm,sat_wrap,10,3692.5,1407.5,2.1,100,,
1,7,0,warm,sat_wrap,11,3652.1,1411.7,1.2,100,,
1,7,0,warm,sat_wrap,12,3637.5,1402.1,2.1,100,,
1,7,0,warm,sat_wrap,13,3968.8,1723.7,0.8,100,,
1,7,0,warm,sat_wrap,14,3626.7,1397.9,1.2,100,,
1,7,0,warm,sat_wrap,15,3639.6,1407.5,2.1,100,,
1,7,0,warm,sat_wrap,16,3650.0,1397.5,2.5,100,,
1,7,0,warm,sat_wrap,17,3653.7,1407.1,1.7,100,,
1,7,0,warm,sat_wrap,18,3653.3,1416.2,2.5,100,,
1,7,0,warm,sat_wrap,19,3643.8,1400.4,1.2,100,,
1,7,0,warm,sat_checked,0,4997.1,2763.3,1.2,100,,
1,7,0,warm,sat_checked,1,4985.0,2761.7,0.4,100,,
1,7,0,warm,sat_checked,2,5069.6,2843.3,2.1,100,,
1,7,0,warm,sat_checked,3,4997.5,2761.7,1.2,100,,
1,7,0,warm,sat_checked,4,5388.3,2773.7,1.2,100,,
1,7,0,warm,sat_checked,5,5427.1,3143.8,2.1,100,,
1,7,0,warm,sat_checked,6,5028.8,2781.7,2.1,100,,
1,7,0,warm,sat_checked,7,4990.4,2762.1,3.3,100,,
1,7,0,warm,sat_checked,8,4940.8,2737.5,4.2,100,,
1,7,0,warm,sat_checked,9,4907.9,2721.7,0.8,100,,
1,7,0,warm,sat_checked,10,4858.3,2691.7,2.1,100,,
1,7,0,warm,sat_checked,11,4849.2,2689.6,0.0,100,,
1,7,0,warm,sat_checked,12,4827.1,2663.3,1.2,100,,
1,7,0,warm,sat_checked,13,4812.5,2659.2,2.1,100,,
1,7,0,warm,sat_checked,14,4839.6,2677.5,2.1,100,,
1,7,0,warm,sat_checked,15,4832.5,2673.3,1.2,100,,
1,7,0,warm,sat_checked,16,4812.1,2661.7,1.2,100,,
1,7,0,warm,sat_checked,17,4810.8,2670.8,3.3,100,,
1,7,0,warm,sat_checked,18,4813.8,2663.3,1.2,100,,
1,7,0,warm,sat_checked,19,4851.7,2671.2,4.2,100,,
1,7,0,cold,sat_saturate,0,5972.1,2566.7,3.3,100,,
1,7,0,cold,sat_saturate,1,5957.9,2571.7,1.7,100,,
1,7,0,cold,sat_saturate,2,6037.5,2611.2,1.2,100,,
1,7,0,cold,sat_saturate,3,6154.6,2659.6,2.1,100,,
1,7,0,cold,sat_saturate,4,6400.0,2709.6,2.1,100,,
1,7,0,cold,sat_saturate,5,6253.3,2706.2,0.8,100,,
1,7,0,cold,sat_saturate,6,6154.2,2661.2,0.4,100,,
1,7,0,cold,sat_saturate,7,6245.8,2695.4,2.1,100,,
1,7,0,cold,sat_saturate,8,6209.2,2685.8,2.5,100,,
1,7,0,cold,sat_saturate,9,6165.8,2661.7,1.7,100,,
1,7,0,cold,sat_saturate,10,6250.4,2706.7,0.4,100,,
1,7,0,cold,sat_saturate,11,6057.1,2622.1,3.3,100,,
1,7,0,cold,sat_saturate,12,5980.8,2583.3,2.5,100,,
1,7,0,cold,sat_saturate,13,6122.5,2659.6,4.2,100,,
1,7,0,cold,sat_saturate,14,6059.2,2610.8,0.4,100,,
1,7,0,cold,sat_saturate,15,6805.8,3056.7,2.5,100,,
1,7,0,cold,sat_saturate,16,6790.0,2987.5,3.7,100,,
1,7,0,cold,sat_saturate,17,6392.1,2763.7,1.7,100,,
1,7,0,cold,sat_saturate,18,6187.5,2673.8,1.2,100,,
1,7,0,cold,sat_saturate,19,6110.4,2633.8,2.5,100,,
1,7,0,cold,sat_wrap,0,5387.9,1487.9,1.2,100,,
1,7,0,cold,sat_wrap,1,5038.3,1403.7,0.8,100,,
1,7,0,cold,sat_wrap,2,5017.5,1403.3,2.5,100,,
1,7,0,cold,sat_wrap,3,5018.8,1401.7,1.7,100,,
1,7,0,cold,sat_wrap,4,5021.7,1394.6,0.4,100,,
1,7,0,cold,sat_wrap,5,5020.8,1396.7,1.2,100,,
1,7,0,cold,sat_wrap,6,5015.4,1399.2,0.8,100,,
1,7,0,cold,sat_wrap,7,5017.1,1399.6,1.2,100,,
1,7,0,cold,sat_wrap,8,5021.2,1404.6,2.1,100,,
1,7,0,cold,sat_wrap,9,5011.2,1401.7,1.2,100,,
1,7,0,cold,sat_wrap,10,5026.2,1399.6,3.3,100,,
1,7,0,cold,sat_wrap,11,5014.6,1398.8,0.8,100,,
1,7,0,cold,sat_wrap,12,5030.4,1397.9,2.1,100,,
1,7,0,cold,sat_wrap,13,5020.8,1395.4,1.7,100,,
1,7,0,cold,sat_wrap,14,5014.6,1392.9,1.7,100,,
1,7,0,cold,sat_wrap,15,5024.2,1405.8,1.7,100,,
1,7,0,cold,sat_wrap,16,5023.3,1396.2,0.8,100,,
1,7,0,cold,sat_wrap,17,5018.3,1404.6,2.5,100,,
1,7,0,cold,sat_wrap,18,5022.5,1400.8,0.8,100,,
1,7,0,cold,sat_wrap,19,5023.7,1395.4,0.4,100,,
1,7,0,cold,sat_checked,0,6407.1,2756.2,1.2,100,,
1,7,0,cold,sat_checked,1,6403.7,2753.8,0.8,100,,
1,7,0,cold,sat_checked,2,6378.3,2760.0,2.9,100,,
1,7,0,cold,sat_checked,3,6382.5,2758.7,0.8,100,,
1,7,0,cold,sat_checked,4,6382.5,2756.7,1.7,100,,
1,7,0,cold,sat_checked,5,6385.4,2750.4,1.2,100,,
1,7,0,cold,sat_checked,6,6377.5,2759.6,2.5,100,,
1,7,0,cold,sat_checked,7,6373.3,2756.7,2.5,100,,
1,7,0,cold,sat_checked,8,6405.0,2787.9,1.7,100,,
1,7,0,cold,sat_checked,9,6373.8,2755.4,1.7,100,,
1,7,0,cold,sat_checked,10,6368.7,2761.7,0.0,100,,
1,7,0,cold,sat_checked,11,6374.6,2757.1,2.5,100,,
1,7,0,cold,sat_checked,12,6380.0,2754.2,2.1,100,,
1,7,0,cold,sat_checked,13,6371.2,2752.1,1.2,100,,
1,7,0,cold,sat_checked,14,6373.3,2749.2,1.7,100,,
1,7,0,cold,sat_checked,15,6381.2,2758.3,0.8,100,,
1,7,0,cold,sat_checked,16,6381.7,2756.7,1.7,100,,
1,7,0,cold,sat_checked,17,6384.2,2760.4,2.5,100,,
1,7,0,cold,sat_checked,18,6182.1,2668.7,1.7,100,,
1,7,0,cold,sat_checked,19,6156.7,2654.6,1.7,100,,
1,8,0,warm,sat_checked,0,4980.4,2756.7,2.1,100,,
1,8,0,warm,sat_checked,1,4980.4,2759.6,1.7,100,,
1,8,0,warm,sat_checked,2,4985.0,2760.4,1.2,100,,
1,8,0,warm,sat_checked,3,4986.2,2758.7,2.5,100,,
1,8,0,warm,sat_checked,4,5158.3,2870.4,2.1,100,,
1,8,0,warm,sat_checked,5,4984.6,2750.8,2.9,100,,
1,8,0,warm,sat_checked,6,4982.9,2757.9,1.2,100,,
1,8,0,warm,sat_checked,7,4982.9,2761.7,1.2,100,,
1,8,0,warm,sat_checked,8,4982.5,2763.7,1.7,100,,
1,8,0,warm,sat_checked,9,4980.0,2759.2,1.2,100,,
1,8,0,warm,sat_checked,10,4970.0,2760.4,2.1,100,,
1,8,0,warm,sat_checked,11,5351.7,2954.2,2.1,100,,
1,8,0,warm,sat_checked,12,5374.6,2972.9,0.0,100,,
1,8,0,warm,sat_checked,13,5359.6,2965.4,2.1,100,,
1,8,0,warm,sat_checked,14,5360.4,2967.5,2.9,100,,
1,8,0,warm,sat_checked,15,5036.7,2794.2,2.1,100,,
1,8,0,warm,sat_checked,16,4985.8,2751.7,1.7,100,,
1,8,0,warm,sat_checked,17,4980.0,2760.8,2.5,100,,
1,8,0,warm,sat_checked,18,4979.6,2755.8,1.2,100,,
1,8,0,warm,sat_checked,19,4979.2,2754.2,2.1,100,,
1,8,0,warm,sat_saturate,0,5564.6,3070.0,1.2,100,,
1,8,0,warm,sat_saturate,1,5745.4,3179.2,0.8,100,,
1,8,0,warm,sat_saturate,2,5759.2,3181.7,3.3,100,,
1,8,0,warm,sat_saturate,3,5749.6,3182.1,2.9,100,,
1,8,0,warm,sat_saturate,4,5751.2,3172.1,3.7,100,,
1,8,0,warm,sat_saturate,5,5767.9,3191.2,1.7,100,,
1,8,0,warm,sat_saturate,6,5750.8,3176.7,1.7,100,,
1,8,0,warm,sat_saturate,7,5745.4,3182.1,3.7,100,,
1,8,0,warm,sat_saturate,8,5430.8,3004.2,1.7,100,,
1,8,0,warm,sat_saturate,9,5399.2,2995.0,2.9,100,,
1,8,0,warm,sat_saturate,10,5367.5,2978.3,1.7,100,,
1,8,0,warm,sat_saturate,11,5367.1,2975.4,3.7,100,,
1,8,0,warm,sat_saturate,12,5376.7,2967.5,1.2,100,,
1,8,0,warm,sat_saturate,13,5367.1,2962.5,0.8,100,,
1,8,0,warm,sat_saturate,14,5370.0,2967.5,2.1,100,,
1,8,0,warm,sat_saturate,15,5377.9,2972.9,1.7,100,,
1,8,0,warm,sat_saturate,16,5380.0,2971.7,2.1,100,,
1,8,0,warm,sat_saturate,17,5379.2,2977.5,2.9,100,,
1,8,0,warm,sat_saturate,18,5389.2,2985.4,3.7,100,,
1,8,0,warm,sat_saturate,19,5384.6,2968.3,0.8,100,,
1,8,0,warm,sat_wrap,0,4185.4,1612.9,2.9,100,,
1,8,0,warm,sat_wrap,1,4177.9,1616.7,1.7,100,,
1,8,0,warm,sat_wrap,2,3988.3,1540.0,3.3,100,,
1,8,0,warm,sat_wrap,3,3901.2,1511.2,2.5,100,,
1,8,0,warm,sat_wrap,4,3900.8,1510.8,0.8,100,,
1,8,0,warm,sat_wrap,5,3902.9,1500.8,1.7,100,,
1,8,0,warm,sat_wrap,6,3900.4,1508.3,1.7,100,,
1,8,0,warm,sat_wrap,7,3901.7,1511.7,0.8,100,,
1,8,0,warm,sat_wrap,8,3903.7,1512.9,1.7,100,,
1,8,0,warm,sat_wrap,9,3905.4,1511.7,1.2,100,,
1,8,0,warm,sat_wrap,10,3896.7,1509.2,2.1,100,,
1,8,0,warm,sat_wrap,11,3901.2,1509.6,2.5,100,,
1,8,0,warm,sat_wrap,12,3903.7,1505.0,3.7,100,,
1,8,0,warm,sat_wrap,13,3904.2,1502.9,0.8,100,,
1,8,0,warm,sat_wrap,14,3930.0,1532.1,2.5,100,,
1,8,0,warm,sat_wrap,15,3905.0,1510.4,2.9,100,,
1,8,0,warm,sat_wrap,16,3907.1,1505.0,1.2,100,,
1,8,0,warm,sat_wrap,17,3907.9,1515.4,0.8,100,,
1,8,0,warm,sat_wrap,18,3909.6,1509.2,1.2,100,,
1,8,0,warm,sat_wrap,19,3909.2,1503.3,2.1,100,,
1,8,0,cold,sat_checked,0,5981.7,2571.2,0.8,100,,
1,8,0,cold,sat_checked,1,5957.9,2567.9,0.8,100,,
1,8,0,cold,sat_checked,2,5945.8,2573.3,2.1,100,,
1,8,0,cold,sat_checked,3,5965.0,2573.8,1.7,100,,
1,8,0,cold,sat_checked,4,5958.7,2569.6,0.8,100,,
1,8,0,cold,sat_checked,5,5952.9,2566.2,0.8,100,,
1,8,0,cold,sat_checked,6,5946.7,2573.3,1.7,100,,
1,8,0,cold,sat_checked,7,5952.1,2576.2,0.8,100,,
1,8,0,cold,sat_checked,8,5970.8,2595.0,2.1,100,,
1,8,0,cold,sat_checked,9,5942.9,2574.6,0.8,100,,
1,8,0,cold,sat_checked,10,5996.2,2593.3,1.2,100,,
1,8,0,cold,sat_checked,11,6382.9,2760.8,1.7,100,,
1,8,0,cold,sat_checked,12,6382.5,2753.8,1.7,100,,
1,8,0,cold,sat_checked,13,6376.2,2750.0,1.2,100,,
1,8,0,cold,sat_checked,14,6380.8,2750.8,1.7,100,,
1,8,0,cold,sat_checked,15,6382.5,2759.2,2.1,100,,
1,8,0,cold,sat_checked,16,6380.8,2749.6,2.5,100,,
1,8,0,cold,sat_checked,17,6182.9,2676.7,0.4,100,,
1,8,0,cold,sat_checked,18,5950.4,2569.2,0.8,100,,
1,8,0,cold,sat_checked,19,5954.2,2569.6,1.2,100,,
1,8,0,cold,sat_saturate,0,6406.2,2753.3,1.2,100,,
1,8,0,cold,sat_saturate,1,6203.7,2675.8,1.2,100,,
1,8,0,cold,sat_saturate,2,6586.7,2883.3,5.0,100,,
1,8,0,cold,sat_saturate,3,5942.9,2572.1,1.2,100,,
1,8,0,cold,sat_saturate,4,5970.8,2576.7,1.2,100,,
1,8,0,cold,sat_saturate,5,5996.2,2588.3,0.8,100,,
1,8,0,cold,sat_saturate,6,5948.8,2571.7,1.2,100,,
1,8,0,cold,sat_saturate,7,5941.7,2568.8,1.7,100,,
1,8,0,cold,sat_saturate,8,5968.3,2574.6,0.8,100,,
1,8,0,cold,sat_saturate,9,6012.9,2600.8,0.8,100,,
1,8,0,cold,sat_saturate,10,6138.3,2649.2,1.7,100,,
1,8,0,cold,sat_saturate,11,6190.0,2670.4,2.1,100,,
1,8,0,cold,sat_saturate,12,6207.1,2679.2,2.9,100,,
1,8,0,cold,sat_saturate,13,6193.3,2668.7,1.2,100,,
1,8,0,cold,sat_saturate,14,6292.9,2716.2,0.8,100,,
1,8,0,cold,sat_saturate,15,6781.7,3037.9,7.1,100,,
1,8,0,cold,sat_saturate,16,6195.4,2670.8,0.8,100,,
1,8,0,cold,sat_saturate,17,6189.6,2682.9,1.7,100,,
1,8,0,cold,sat_saturate,18,6043.3,2610.0,2.9,100,,
1,8,0,cold,sat_saturate,19,5950.0,2566.2,2.1,100,,
1,8,0,cold,sat_wrap,0,5817.1,1611.7,1.7,100,,
1,8,0,cold,sat_wrap,1,5596.7,1556.7,1.7,100,,
1,8,0,cold,sat_wrap,2,4733.3,1359.6,2.1,100,,
1,8,0,cold,sat_wrap,3,4680.4,1311.7,0.8,100,,
1,8,0,cold,sat_wrap,4,4742.1,1321.7,1.7,100,,
1,8,0,cold,sat_wrap,5,4690.0,1304.2,1.2,100,,
1,8,0,cold,sat_wrap,6,5734.2,1599.2,1.2,100,,
1,8,0,cold,sat_wrap,7,5799.6,1620.8,0.8,100,,
1,8,0,cold,sat_wrap,8,5795.0,1616.2,1.2,100,,
1,8,0,cold,sat_wrap,9,5567.1,1553.3,1.7,100,,
1,8,0,cold,sat_wrap,10,5445.8,1512.1,1.7,100,,
1,8,0,cold,sat_wrap,11,5420.8,1512.9,2.1,100,,
1,8,0,cold,sat_wrap,12,5425.4,1505.0,0.8,100,,
1,8,0,cold,sat_wrap,13,5411.7,1503.8,1.2,100,,
1,8,0,cold,sat_wrap,14,5411.2,1502.1,0.8,100,,
1,8,0,cold,sat_wrap,15,5433.8,1517.9,0.0,100,,
1,8,0,cold,sat_wrap,16,5444.6,1511.7,1.2,100,,
1,8,0,cold,sat_wrap,17,5678.3,1467.9,4.2,100,,
1,8,0,cold,sat_wrap,18,4939.2,1372.9,0.4,100,,
1,8,0,cold,sat_wrap,19,4878.8,1355.0,2.5,100,,
